[
  {"slug":"barbell-bench-press","name":"Barbell Bench Press","primaryMuscleGroup":"Chest","secondaryMuscles":["Triceps","Front Delts"],"equipment":["Barbell","Bench"],"movementPattern":"Horizontal Push","tags":["compound","strength"]},
  {"slug":"dumbbell-bench-press","name":"Dumbbell Bench Press","primaryMuscleGroup":"Chest","secondaryMuscles":["Triceps","Front Delts"],"equipment":["Dumbbells","Bench"],"movementPattern":"Horizontal Push","tags":["compound","hypertrophy"]},
  {"slug":"incline-barbell-bench-press","name":"Incline Barbell Bench Press","primaryMuscleGroup":"Chest","secondaryMuscles":["Front Delts","Triceps"],"equipment":["Barbell","Incline Bench"],"movementPattern":"Horizontal Push","tags":["compound"]},
  {"slug":"incline-dumbbell-bench-press","name":"Incline Dumbbell Bench Press","primaryMuscleGroup":"Chest","secondaryMuscles":["Front Delts","Triceps"],"equipment":["Dumbbells","Incline Bench"],"movementPattern":"Horizontal Push","tags":["compound"]},
  {"slug":"decline-bench-press","name":"Decline Bench Press","primaryMuscleGroup":"Chest","secondaryMuscles":["Triceps"],"equipment":["Barbell","Decline Bench"],"movementPattern":"Horizontal Push","tags":["compound"]},
  {"slug":"push-up","name":"Push-Up","primaryMuscleGroup":"Chest","secondaryMuscles":["Triceps","Front Delts","Core"],"equipment":["Bodyweight"],"movementPattern":"Horizontal Push","tags":["bodyweight"]},
  {"slug":"weighted-push-up","name":"Weighted Push-Up","primaryMuscleGroup":"Chest","secondaryMuscles":["Triceps","Front Delts","Core"],"equipment":["Bodyweight","Plate"],"movementPattern":"Horizontal Push","tags":["bodyweight","strength"]},
  {"slug":"diamond-push-up","name":"Diamond Push-Up","primaryMuscleGroup":"Triceps","secondaryMuscles":["Chest","Front Delts"],"equipment":["Bodyweight"],"movementPattern":"Horizontal Push","tags":["bodyweight"]},
  {"slug":"chest-dip","name":"Chest Dip","primaryMuscleGroup":"Chest","secondaryMuscles":["Triceps","Front Delts"],"equipment":["Dip Bars"],"movementPattern":"Vertical Push","tags":["bodyweight","compound"]},
  {"slug":"machine-chest-press","name":"Machine Chest Press","primaryMuscleGroup":"Chest","secondaryMuscles":["Triceps","Front Delts"],"equipment":["Machine"],"movementPattern":"Horizontal Push","tags":["machine"]},
  {"slug":"smith-machine-bench-press","name":"Smith Machine Bench Press","primaryMuscleGroup":"Chest","secondaryMuscles":["Triceps","Front Delts"],"equipment":["Smith Machine","Bench"],"movementPattern":"Horizontal Push","tags":["machine"]},
  {"slug":"cable-chest-fly","name":"Cable Chest Fly","primaryMuscleGroup":"Chest","secondaryMuscles":["Front Delts"],"equipment":["Cable"],"movementPattern":"Horizontal Adduction","tags":["isolation"]},
  {"slug":"pec-deck","name":"Pec Deck Fly","primaryMuscleGroup":"Chest","secondaryMuscles":["Front Delts"],"equipment":["Machine"],"movementPattern":"Horizontal Adduction","tags":["isolation","machine"]},
  {"slug":"dumbbell-fly-flat","name":"Dumbbell Fly (Flat)","primaryMuscleGroup":"Chest","secondaryMuscles":["Front Delts"],"equipment":["Dumbbells","Bench"],"movementPattern":"Horizontal Adduction","tags":["isolation"]},
  {"slug":"dumbbell-fly-incline","name":"Dumbbell Fly (Incline)","primaryMuscleGroup":"Chest","secondaryMuscles":["Front Delts"],"equipment":["Dumbbells","Incline Bench"],"movementPattern":"Horizontal Adduction","tags":["isolation"]},
  {"slug":"svend-press","name":"Svend Press","primaryMuscleGroup":"Chest","secondaryMuscles":["Front Delts","Triceps"],"equipment":["Plates"],"movementPattern":"Horizontal Push","tags":["accessory"]},
  {"slug":"landmine-press","name":"Landmine Press","primaryMuscleGroup":"Shoulders","secondaryMuscles":["Chest","Triceps","Core"],"equipment":["Barbell","Landmine"],"movementPattern":"Angled Push","tags":["compound"]},

  {"slug":"pull-up","name":"Pull-Up","primaryMuscleGroup":"Back","secondaryMuscles":["Biceps","Rear Delts"],"equipment":["Pull-up Bar"],"movementPattern":"Vertical Pull","tags":["bodyweight","compound"]},
  {"slug":"chin-up","name":"Chin-Up","primaryMuscleGroup":"Back","secondaryMuscles":["Biceps"],"equipment":["Pull-up Bar"],"movementPattern":"Vertical Pull","tags":["bodyweight","compound"]},
  {"slug":"lat-pulldown","name":"Lat Pulldown","primaryMuscleGroup":"Back","secondaryMuscles":["Biceps"],"equipment":["Cable"],"movementPattern":"Vertical Pull","tags":["machine"]},
  {"slug":"neutral-grip-pulldown","name":"Neutral-Grip Pulldown","primaryMuscleGroup":"Back","secondaryMuscles":["Biceps"],"equipment":["Cable"],"movementPattern":"Vertical Pull","tags":["machine"]},
  {"slug":"straight-arm-pulldown","name":"Straight-Arm Pulldown","primaryMuscleGroup":"Back","secondaryMuscles":["Lats"],"equipment":["Cable"],"movementPattern":"Shoulder Extension","tags":["isolation"]},
  {"slug":"barbell-row","name":"Barbell Row","primaryMuscleGroup":"Back","secondaryMuscles":["Biceps","Rear Delts","Erectors"],"equipment":["Barbell"],"movementPattern":"Horizontal Pull","tags":["compound","strength"]},
  {"slug":"pendlay-row","name":"Pendlay Row","primaryMuscleGroup":"Back","secondaryMuscles":["Biceps","Rear Delts"],"equipment":["Barbell"],"movementPattern":"Horizontal Pull","tags":["compound","strength"]},
  {"slug":"dumbbell-row","name":"One-Arm Dumbbell Row","primaryMuscleGroup":"Back","secondaryMuscles":["Biceps","Rear Delts"],"equipment":["Dumbbell","Bench"],"movementPattern":"Horizontal Pull","tags":["compound"]},
  {"slug":"chest-supported-row","name":"Chest-Supported Row","primaryMuscleGroup":"Back","secondaryMuscles":["Biceps","Rear Delts"],"equipment":["Dumbbells","Incline Bench"],"movementPattern":"Horizontal Pull","tags":["compound"]},
  {"slug":"seated-cable-row","name":"Seated Cable Row","primaryMuscleGroup":"Back","secondaryMuscles":["Biceps"],"equipment":["Cable"],"movementPattern":"Horizontal Pull","tags":["machine"]},
  {"slug":"t-bar-row","name":"T-Bar Row","primaryMuscleGroup":"Back","secondaryMuscles":["Biceps","Rear Delts"],"equipment":["T-Bar"],"movementPattern":"Horizontal Pull","tags":["compound"]},
  {"slug":"machine-row","name":"Machine Row","primaryMuscleGroup":"Back","secondaryMuscles":["Biceps"],"equipment":["Machine"],"movementPattern":"Horizontal Pull","tags":["machine"]},
  {"slug":"face-pull","name":"Face Pull","primaryMuscleGroup":"Shoulders","secondaryMuscles":["Rear Delts","Upper Back"],"equipment":["Cable","Rope"],"movementPattern":"Horizontal Pull","tags":["prehab","posture"]},
  {"slug":"rear-delt-fly-cable","name":"Cable Rear Delt Fly","primaryMuscleGroup":"Shoulders","secondaryMuscles":["Upper Back"],"equipment":["Cable"],"movementPattern":"Horizontal Abduction","tags":["isolation"]},
  {"slug":"reverse-pec-deck","name":"Reverse Pec Deck","primaryMuscleGroup":"Shoulders","secondaryMuscles":["Upper Back"],"equipment":["Machine"],"movementPattern":"Horizontal Abduction","tags":["isolation","machine"]},
  {"slug":"shrug-barbell","name":"Barbell Shrug","primaryMuscleGroup":"Traps","secondaryMuscles":["Upper Back"],"equipment":["Barbell"],"movementPattern":"Elevation","tags":["accessory"]},
  {"slug":"shrug-dumbbell","name":"Dumbbell Shrug","primaryMuscleGroup":"Traps","secondaryMuscles":["Upper Back"],"equipment":["Dumbbells"],"movementPattern":"Elevation","tags":["accessory"]},
  {"slug":"rack-pull","name":"Rack Pull","primaryMuscleGroup":"Back","secondaryMuscles":["Glutes","Hamstrings","Traps"],"equipment":["Barbell","Rack"],"movementPattern":"Hip Hinge","tags":["compound","strength"]},

  {"slug":"overhead-press","name":"Barbell Overhead Press","primaryMuscleGroup":"Shoulders","secondaryMuscles":["Triceps","Upper Chest"],"equipment":["Barbell"],"movementPattern":"Vertical Push","tags":["compound","strength"]},
  {"slug":"dumbbell-shoulder-press","name":"Dumbbell Shoulder Press","primaryMuscleGroup":"Shoulders","secondaryMuscles":["Triceps"],"equipment":["Dumbbells","Bench"],"movementPattern":"Vertical Push","tags":["compound"]},
  {"slug":"arnold-press","name":"Arnold Press","primaryMuscleGroup":"Shoulders","secondaryMuscles":["Triceps"],"equipment":["Dumbbells"],"movementPattern":"Vertical Push","tags":["hypertrophy"]},
  {"slug":"lateral-raise","name":"Dumbbell Lateral Raise","primaryMuscleGroup":"Shoulders","secondaryMuscles":[],"equipment":["Dumbbells"],"movementPattern":"Abduction","tags":["isolation"]},
  {"slug":"cable-lateral-raise","name":"Cable Lateral Raise","primaryMuscleGroup":"Shoulders","secondaryMuscles":[],"equipment":["Cable"],"movementPattern":"Abduction","tags":["isolation"]},
  {"slug":"front-raise","name":"Front Raise","primaryMuscleGroup":"Shoulders","secondaryMuscles":["Upper Chest"],"equipment":["Dumbbells"],"movementPattern":"Flexion","tags":["isolation"]},
  {"slug":"upright-row","name":"Upright Row","primaryMuscleGroup":"Shoulders","secondaryMuscles":["Traps"],"equipment":["Barbell"],"movementPattern":"Vertical Pull","tags":["accessory"]},
  {"slug":"cuban-press","name":"Cuban Press","primaryMuscleGroup":"Shoulders","secondaryMuscles":["Rotator Cuff"],"equipment":["Dumbbells"],"movementPattern":"External Rotation","tags":["prehab"]},

  {"slug":"barbell-curl","name":"Barbell Curl","primaryMuscleGroup":"Biceps","secondaryMuscles":["Forearms"],"equipment":["Barbell"],"movementPattern":"Elbow Flexion","tags":["isolation"]},
  {"slug":"ez-bar-curl","name":"EZ-Bar Curl","primaryMuscleGroup":"Biceps","secondaryMuscles":["Forearms"],"equipment":["EZ Bar"],"movementPattern":"Elbow Flexion","tags":["isolation"]},
  {"slug":"incline-dumbbell-curl","name":"Incline Dumbbell Curl","primaryMuscleGroup":"Biceps","secondaryMuscles":[],"equipment":["Dumbbells","Incline Bench"],"movementPattern":"Elbow Flexion","tags":["isolation"]},
  {"slug":"hammer-curl","name":"Hammer Curl","primaryMuscleGroup":"Biceps","secondaryMuscles":["Forearms"],"equipment":["Dumbbells"],"movementPattern":"Elbow Flexion","tags":["isolation"]},
  {"slug":"preacher-curl","name":"Preacher Curl","primaryMuscleGroup":"Biceps","secondaryMuscles":[],"equipment":["EZ Bar","Preacher Bench"],"movementPattern":"Elbow Flexion","tags":["isolation"]},
  {"slug":"cable-curl","name":"Cable Curl","primaryMuscleGroup":"Biceps","secondaryMuscles":[],"equipment":["Cable"],"movementPattern":"Elbow Flexion","tags":["isolation"]},
  {"slug":"concentration-curl","name":"Concentration Curl","primaryMuscleGroup":"Biceps","secondaryMuscles":[],"equipment":["Dumbbell"],"movementPattern":"Elbow Flexion","tags":["isolation"]},

  {"slug":"tricep-pushdown","name":"Triceps Pushdown","primaryMuscleGroup":"Triceps","secondaryMuscles":[],"equipment":["Cable"],"movementPattern":"Elbow Extension","tags":["isolation"]},
  {"slug":"overhead-tricep-extension","name":"Overhead Triceps Extension","primaryMuscleGroup":"Triceps","secondaryMuscles":[],"equipment":["Dumbbell"],"movementPattern":"Elbow Extension","tags":["isolation"]},
  {"slug":"skullcrusher","name":"Skullcrusher (Lying Triceps Extension)","primaryMuscleGroup":"Triceps","secondaryMuscles":[],"equipment":["EZ Bar","Bench"],"movementPattern":"Elbow Extension","tags":["isolation"]},
  {"slug":"close-grip-bench-press","name":"Close-Grip Bench Press","primaryMuscleGroup":"Triceps","secondaryMuscles":["Chest","Front Delts"],"equipment":["Barbell","Bench"],"movementPattern":"Horizontal Push","tags":["compound","strength"]},
  {"slug":"bench-dip","name":"Bench Dip","primaryMuscleGroup":"Triceps","secondaryMuscles":["Chest","Shoulders"],"equipment":["Bench"],"movementPattern":"Elbow Extension","tags":["bodyweight"]},

  {"slug":"back-squat","name":"Back Squat","primaryMuscleGroup":"Quads","secondaryMuscles":["Glutes","Hamstrings","Core"],"equipment":["Barbell","Rack"],"movementPattern":"Squat","tags":["compound","strength"]},
  {"slug":"front-squat","name":"Front Squat","primaryMuscleGroup":"Quads","secondaryMuscles":["Glutes","Core"],"equipment":["Barbell","Rack"],"movementPattern":"Squat","tags":["compound","strength"]},
  {"slug":"goblet-squat","name":"Goblet Squat","primaryMuscleGroup":"Quads","secondaryMuscles":["Glutes","Core"],"equipment":["Dumbbell"],"movementPattern":"Squat","tags":["compound"]},
  {"slug":"split-squat","name":"Split Squat","primaryMuscleGroup":"Quads","secondaryMuscles":["Glutes"],"equipment":["Dumbbells"],"movementPattern":"Lunge","tags":["compound"]},
  {"slug":"bulgarian-split-squat","name":"Bulgarian Split Squat","primaryMuscleGroup":"Quads","secondaryMuscles":["Glutes","Hamstrings"],"equipment":["Dumbbells","Bench"],"movementPattern":"Lunge","tags":["compound"]},
  {"slug":"walking-lunge","name":"Walking Lunge","primaryMuscleGroup":"Quads","secondaryMuscles":["Glutes","Hamstrings"],"equipment":["Dumbbells"],"movementPattern":"Lunge","tags":["compound"]},
  {"slug":"reverse-lunge","name":"Reverse Lunge","primaryMuscleGroup":"Quads","secondaryMuscles":["Glutes","Hamstrings"],"equipment":["Dumbbells"],"movementPattern":"Lunge","tags":["compound"]},
  {"slug":"step-up","name":"Step-Up","primaryMuscleGroup":"Quads","secondaryMuscles":["Glutes"],"equipment":["Dumbbells","Box"],"movementPattern":"Single-Leg","tags":["compound"]},
  {"slug":"leg-press","name":"Leg Press","primaryMuscleGroup":"Quads","secondaryMuscles":["Glutes","Hamstrings"],"equipment":["Machine"],"movementPattern":"Squat","tags":["machine"]},
  {"slug":"hack-squat","name":"Hack Squat","primaryMuscleGroup":"Quads","secondaryMuscles":["Glutes"],"equipment":["Machine"],"movementPattern":"Squat","tags":["machine"]},
  {"slug":"smith-squat","name":"Smith Machine Squat","primaryMuscleGroup":"Quads","secondaryMuscles":["Glutes"],"equipment":["Smith Machine"],"movementPattern":"Squat","tags":["machine"]},
  {"slug":"leg-extension","name":"Leg Extension","primaryMuscleGroup":"Quads","secondaryMuscles":[],"equipment":["Machine"],"movementPattern":"Knee Extension","tags":["isolation","machine"]},

  {"slug":"deadlift","name":"Conventional Deadlift","primaryMuscleGroup":"Hamstrings","secondaryMuscles":["Glutes","Back","Core"],"equipment":["Barbell"],"movementPattern":"Hip Hinge","tags":["compound","strength"]},
  {"slug":"romanian-deadlift","name":"Romanian Deadlift","primaryMuscleGroup":"Hamstrings","secondaryMuscles":["Glutes","Back"],"equipment":["Barbell"],"movementPattern":"Hip Hinge","tags":["compound"]},
  {"slug":"stiff-leg-deadlift","name":"Stiff-Leg Deadlift","primaryMuscleGroup":"Hamstrings","secondaryMuscles":["Glutes","Back"],"equipment":["Barbell"],"movementPattern":"Hip Hinge","tags":["compound"]},
  {"slug":"sumo-deadlift","name":"Sumo Deadlift","primaryMuscleGroup":"Glutes","secondaryMuscles":["Quads","Hamstrings","Back"],"equipment":["Barbell"],"movementPattern":"Hip Hinge","tags":["compound","strength"]},
  {"slug":"hip-thrust","name":"Barbell Hip Thrust","primaryMuscleGroup":"Glutes","secondaryMuscles":["Hamstrings","Core"],"equipment":["Barbell","Bench"],"movementPattern":"Hip Extension","tags":["compound","hypertrophy"]},
  {"slug":"glute-bridge","name":"Glute Bridge","primaryMuscleGroup":"Glutes","secondaryMuscles":["Hamstrings","Core"],"equipment":["Bodyweight"],"movementPattern":"Hip Extension","tags":["bodyweight"]},
  {"slug":"good-morning","name":"Good Morning","primaryMuscleGroup":"Hamstrings","secondaryMuscles":["Glutes","Back"],"equipment":["Barbell"],"movementPattern":"Hip Hinge","tags":["compound"]},
  {"slug":"leg-curl-lying","name":"Lying Leg Curl","primaryMuscleGroup":"Hamstrings","secondaryMuscles":[],"equipment":["Machine"],"movementPattern":"Knee Flexion","tags":["isolation","machine"]},
  {"slug":"leg-curl-seated","name":"Seated Leg Curl","primaryMuscleGroup":"Hamstrings","secondaryMuscles":[],"equipment":["Machine"],"movementPattern":"Knee Flexion","tags":["isolation","machine"]},
  {"slug":"nordic-curl","name":"Nordic Hamstring Curl","primaryMuscleGroup":"Hamstrings","secondaryMuscles":["Glutes"],"equipment":["Bodyweight"],"movementPattern":"Knee Flexion","tags":["bodyweight","advanced"]},

  {"slug":"standing-calf-raise","name":"Standing Calf Raise","primaryMuscleGroup":"Calves","secondaryMuscles":[],"equipment":["Machine"],"movementPattern":"Plantarflexion","tags":["isolation","machine"]},
  {"slug":"seated-calf-raise","name":"Seated Calf Raise","primaryMuscleGroup":"Calves","secondaryMuscles":[],"equipment":["Machine"],"movementPattern":"Plantarflexion","tags":["isolation","machine"]},
  {"slug":"single-leg-calf-raise","name":"Single-Leg Calf Raise","primaryMuscleGroup":"Calves","secondaryMuscles":[],"equipment":["Bodyweight"],"movementPattern":"Plantarflexion","tags":["bodyweight"]},

  {"slug":"plank","name":"Plank","primaryMuscleGroup":"Core","secondaryMuscles":["Shoulders","Glutes"],"equipment":["Bodyweight"],"movementPattern":"Anti-Extension","tags":["core","bodyweight"]},
  {"slug":"side-plank","name":"Side Plank","primaryMuscleGroup":"Core","secondaryMuscles":["Glutes"],"equipment":["Bodyweight"],"movementPattern":"Anti-Lateral Flexion","tags":["core","bodyweight"]},
  {"slug":"dead-bug","name":"Dead Bug","primaryMuscleGroup":"Core","secondaryMuscles":[],"equipment":["Bodyweight"],"movementPattern":"Anti-Extension","tags":["core"]},
  {"slug":"bird-dog","name":"Bird Dog","primaryMuscleGroup":"Core","secondaryMuscles":["Back"],"equipment":["Bodyweight"],"movementPattern":"Stability","tags":["core"]},
  {"slug":"hanging-leg-raise","name":"Hanging Leg Raise","primaryMuscleGroup":"Core","secondaryMuscles":["Hip Flexors"],"equipment":["Pull-up Bar"],"movementPattern":"Hip Flexion","tags":["core","advanced"]},
  {"slug":"ab-wheel-rollout","name":"Ab Wheel Rollout","primaryMuscleGroup":"Core","secondaryMuscles":["Lats"],"equipment":["Ab Wheel"],"movementPattern":"Anti-Extension","tags":["core","advanced"]},
  {"slug":"cable-crunch","name":"Cable Crunch","primaryMuscleGroup":"Core","secondaryMuscles":[],"equipment":["Cable"],"movementPattern":"Trunk Flexion","tags":["core"]},

  {"slug":"farmer-carry","name":"Farmer Carry","primaryMuscleGroup":"Full Body","secondaryMuscles":["Forearms","Traps","Core"],"equipment":["Dumbbells"],"movementPattern":"Carry","tags":["conditioning","grip"]},
  {"slug":"sled-push","name":"Sled Push","primaryMuscleGroup":"Full Body","secondaryMuscles":["Quads","Glutes","Core"],"equipment":["Sled"],"movementPattern":"Drive","tags":["conditioning"]},
  {"slug":"battle-ropes","name":"Battle Ropes","primaryMuscleGroup":"Conditioning","secondaryMuscles":["Shoulders","Core"],"equipment":["Ropes"],"movementPattern":"Conditioning","tags":["conditioning"]},
  {"slug":"rowing-erg","name":"Rowing Erg","primaryMuscleGroup":"Conditioning","secondaryMuscles":["Back","Legs"],"equipment":["Erg"],"movementPattern":"Conditioning","tags":["cardio"]},
  {"slug":"treadmill-run","name":"Treadmill Run","primaryMuscleGroup":"Conditioning","secondaryMuscles":["Legs"],"equipment":["Treadmill"],"movementPattern":"Conditioning","tags":["cardio"]},

  {"slug":"band-pull-apart","name":"Band Pull-Apart","primaryMuscleGroup":"Shoulders","secondaryMuscles":["Upper Back"],"equipment":["Band"],"movementPattern":"Horizontal Abduction","tags":["prehab","posture"]},
  {"slug":"shoulder-external-rotation-band","name":"Band External Rotation","primaryMuscleGroup":"Shoulders","secondaryMuscles":["Rotator Cuff"],"equipment":["Band"],"movementPattern":"External Rotation","tags":["prehab"]},
  {"slug":"hip-flexor-stretch","name":"Hip Flexor Stretch","primaryMuscleGroup":"Mobility","secondaryMuscles":["Hips"],"equipment":["Bodyweight"],"movementPattern":"Mobility","tags":["mobility"]},
  {"slug":"ankle-mobility-rocks","name":"Ankle Mobility Rocks","primaryMuscleGroup":"Mobility","secondaryMuscles":["Calves"],"equipment":["Bodyweight"],"movementPattern":"Mobility","tags":["mobility"]}
]
