[
  {
    "slug":"template-full-body-3d-beginner",
    "name":"Full Body 3-Day (Beginner)",
    "goalTags":["general fitness","fat loss","beginner"],
    "daysPerWeek":3,
    "days":[
      {"name":"Day A","items":[
        {"exerciseSlug":"goblet-squat","sets":3,"reps":"8-12"},
        {"exerciseSlug":"dumbbell-bench-press","sets":3,"reps":"8-12"},
        {"exerciseSlug":"seated-cable-row","sets":3,"reps":"10-12"},
        {"exerciseSlug":"plank","sets":3,"reps":"30-60s"}
      ]},
      {"name":"Day B","items":[
        {"exerciseSlug":"romanian-deadlift","sets":3,"reps":"8-10"},
        {"exerciseSlug":"overhead-press","sets":3,"reps":"6-10"},
        {"exerciseSlug":"lat-pulldown","sets":3,"reps":"8-12"},
        {"exerciseSlug":"side-plank","sets":3,"reps":"20-45s/side"}
      ]}
    ]
  },
  {
    "slug":"template-upper-lower-4d",
    "name":"Upper / Lower 4-Day",
    "goalTags":["hypertrophy","strength"],
    "daysPerWeek":4,
    "days":[
      {"name":"Upper 1","items":[
        {"exerciseSlug":"barbell-bench-press","sets":4,"reps":"5-8"},
        {"exerciseSlug":"barbell-row","sets":4,"reps":"6-10"},
        {"exerciseSlug":"lateral-raise","sets":3,"reps":"12-20"},
        {"exerciseSlug":"tricep-pushdown","sets":3,"reps":"10-15"},
        {"exerciseSlug":"barbell-curl","sets":3,"reps":"8-12"}
      ]},
      {"name":"Lower 1","items":[
        {"exerciseSlug":"back-squat","sets":4,"reps":"5-8"},
        {"exerciseSlug":"romanian-deadlift","sets":3,"reps":"6-10"},
        {"exerciseSlug":"leg-press","sets":3,"reps":"10-15"},
        {"exerciseSlug":"standing-calf-raise","sets":4,"reps":"8-15"}
      ]}
    ]
  },
  {
    "slug":"template-ppl-6d",
    "name":"Push / Pull / Legs (6-Day)",
    "goalTags":["hypertrophy","intermediate"],
    "daysPerWeek":6,
    "days":[
      {"name":"Push","items":[
        {"exerciseSlug":"incline-dumbbell-bench-press","sets":4,"reps":"8-12"},
        {"exerciseSlug":"overhead-press","sets":3,"reps":"6-10"},
        {"exerciseSlug":"cable-chest-fly","sets":3,"reps":"12-15"},
        {"exerciseSlug":"lateral-raise","sets":4,"reps":"12-20"},
        {"exerciseSlug":"skullcrusher","sets":3,"reps":"8-12"}
      ]},
      {"name":"Pull","items":[
        {"exerciseSlug":"pull-up","sets":4,"reps":"AMRAP"},
        {"exerciseSlug":"seated-cable-row","sets":3,"reps":"8-12"},
        {"exerciseSlug":"face-pull","sets":3,"reps":"12-20"},
        {"exerciseSlug":"hammer-curl","sets":3,"reps":"10-15"}
      ]},
      {"name":"Legs","items":[
        {"exerciseSlug":"back-squat","sets":4,"reps":"5-8"},
        {"exerciseSlug":"romanian-deadlift","sets":3,"reps":"8-10"},
        {"exerciseSlug":"leg-extension","sets":3,"reps":"12-15"},
        {"exerciseSlug":"leg-curl-seated","sets":3,"reps":"10-15"},
        {"exerciseSlug":"seated-calf-raise","sets":4,"reps":"10-15"}
      ]}
    ]
  }
]
